stats,age,height,weight
mean,29.183908045977013,164.80459770114942,59.689655172413794
std,5.731448811584924,6.596050757240099,10.215481120871111
