stats,age,height,weight
mean,30.67032967032967,178.56666666666666,74.85615384615384
std,6.565998180957113,8.370695271352476,10.586944346613455
